"region","species_name","species_qualified","cuid","cu_name_pse","sr_red_prob","sr_yellow_prob","sr_green_prob","percentile_red_prob","percentile_yellow_prob","percentile_green_prob","hist_red","hist_yellow","hist_green","sr_status","percentile_status","psf_status_code_all","psf_status_type","psf_status_code","psf_status"
"Central Coast","Chinook","CK",509,"Docee",NA,NA,NA,92.78,7.22,0,"#CC0000","#FFFFFF","#FFFFFF",NA,"poor","8","percentile","8","data-deficient"
"Central Coast","Chinook","CK",510,"Rivers Inlet",7.0238,92.881,0.0952,27.26,72.74,0,"#FFFFFF","#FFFF00","#FFFFFF","fair","fair","8","sr","8","data-deficient"
"Central Coast","Chinook","CK",511,"Wannock",0,0.0476,99.9524,0.04,99.94,0.02,"#FFFFFF","#FFFF00","#FFFFFF","good","fair","8","sr","8","data-deficient"
"Central Coast","Chinook","CK",512,"Bella Coola-Bentinck",0,0.0476,99.9524,0,59.58,40.42,"#FFFFFF","#FFFF00","#FFFFFF","good","fair","8","sr","8","data-deficient"
"Central Coast","Chinook","CK",513,"Dean River",0,0,100,0,99.74,0.26,"#FFFFFF","#FFFF00","#FFFFFF","good","fair","8","sr","8","data-deficient"
"Central Coast","Chinook","CK",514,"North & Central Coast-Late",NA,NA,NA,0.04,99.96,0,"#FFFFFF","#FFFF00","#FFFFFF",NA,"fair","2, 3","absolute","3","poor"
"Central Coast","Chinook","CK",515,"North & Central Coast-Early",0,0,100,0,97.14,2.86,"#FFFFFF","#FFFF00","#FFFFFF","good","fair","8","sr","8","data-deficient"
"Central Coast","Chum","CM",500,"Smith Inlet",87.2143,12.7857,0,100,0,0,"#CC0000","#FFFFFF","#FFFFFF","poor","poor","3","sr","3","poor"
"Central Coast","Chum","CM",501,"Rivers Inlet",99.9762,0.0238,0,96.8,3.2,0,"#CC0000","#FFFFFF","#FFFFFF","poor","poor","3","sr","3","poor"
"Central Coast","Chum","CM",502,"Wannock",NA,NA,NA,NA,NA,NA,NA,NA,NA,NA,NA,"7, 8, 9",NA,"9","data-deficient"
"Central Coast","Chum","CM",503,"Spiller-Fitz-Hugh-Burke",8.9762,91.0238,0,100,0,0,"#CC0000","#FFFFFF","#FFFFFF","fair","poor","2","sr","2","fair"
"Central Coast","Chum","CM",504,"Bella Coola-Dean Rivers",0,97.119,2.881,48.46,51.54,0,"#FFFFFF","#FFFF00","#FFFFFF","fair","fair","2","sr","2","fair"
"Central Coast","Chum","CM",505,"Bella Coola River-Late",NA,NA,NA,3.44,96.56,0,"#FFFFFF","#FFFF00","#FFFFFF",NA,"fair","7",NA,"7","data-deficient"
"Central Coast","Chum","CM",506,"Hecate Lowlands",64.8571,35.1429,0,100,0,0,"#CC0000","#FFFFFF","#FFFFFF","poor","poor","3","sr","3","poor"
"Central Coast","Chum","CM",507,"Mussel-Kynoch",16.9048,83.0952,0,100,0,0,"#CC0000","#FFFFFF","#FFFFFF","fair","poor","2","sr","2","fair"
"Central Coast","Chum","CM",508,"Douglas-Gardner",54.9286,45.0714,0,99.46,0.54,0,"#CC0000","#FFFFFF","#FFFFFF","poor","poor","3","sr","3","poor"
"Central Coast","Coho","CO",516,"Smith Inlet",NA,NA,NA,1.74,96.54,1.72,"#FFFFFF","#FFFF00","#FFFFFF",NA,"fair","8","percentile","8","data-deficient"
"Central Coast","Coho","CO",517,"Rivers Inlet",NA,NA,NA,0,0,100,"#FFFFFF","#FFFFFF","#009900",NA,"good","8","percentile","8","data-deficient"
"Central Coast","Coho","CO",518,"Bella Coola-Dean Rivers",0.2381,99.4286,0.3333,48.42,51.58,0,"#CC0000","#FFFFFF","#FFFFFF","fair","poor","3","percentile","3","poor"
"Central Coast","Coho","CO",519,"Mussel-Kynoch",89.3333,10.6667,0,94.72,5.28,0,"#CC0000","#FFFFFF","#FFFFFF","poor","poor","3","percentile","3","poor"
"Central Coast","Coho","CO",520,"Hecate Strait Mainland",99.9524,0.0476,0,99.58,0.42,0,"#CC0000","#FFFFFF","#FFFFFF","poor","poor","3","percentile","3","poor"
"Central Coast","Coho","CO",522,"Douglas Channel-Kitimat Arm",0,0,100,0,66.52,33.48,"#FFFFFF","#FFFF00","#FFFFFF","good","fair","2","percentile","2","fair"
"Central Coast","Coho","CO",523,"Northern Coastal Streams",0.0714,98.3095,1.619,55.64,44.36,0,"#CC0000","#FFFFFF","#FFFFFF","fair","poor","3","percentile","3","poor"
"Central Coast","Pink","PKE",608,"Hecate Lowlands (even)",9.6667,87.9524,2.381,77.76,22.24,0,"#CC0000","#FFFFFF","#FFFFFF","fair","poor","8","sr","8","data-deficient"
"Central Coast","Pink","PKE",609,"Hecate Strait-Fjords (even)",0,0,100,0,0,100,"#FFFFFF","#FFFFFF","#009900","good","good","8","sr","8","data-deficient"
"Central Coast","Pink","PKO",610,"Homathko-Klinaklini-Smith-Rivers-Bella Coola-Dean (odd)",3.0273,59.5037,37.469,30.36,69.6,0.04,"#FFFFFF","#FFFF00","#FFFFFF","fair","fair","2","sr","2","fair"
"Central Coast","Pink","PKO",611,"Hecate Strait-Lowlands (odd)",0.0476,2.1429,97.8095,1.02,98.78,0.2,"#FFFFFF","#FFFF00","#FFFFFF","good","fair","1","sr","1","good"
"Central Coast","Pink","PKO",612,"Hecate Strait-Fjords (odd)",0.9762,37.0238,62,0.28,97.88,1.84,"#FFFFFF","#FFFF00","#FFFFFF","good","fair","1","sr","1","good"
"Central Coast","Sockeye","SEL",524,"Long",NA,NA,NA,3.04,96.92,0.04,"#FFFFFF","#FFFF00","#FFFFFF",NA,"fair","8","percentile","8","data-deficient"
"Central Coast","Sockeye","SEL",525,"Owikeno",0,99.7381,0.2619,61.56,38.44,0,"#FFFFFF","#FFFF00","#FFFFFF","fair","fair","2","sr","2","fair"
"Central Coast","Sockeye","SEL",527,"Wannock (Owikeno)",NA,NA,NA,NA,NA,NA,NA,NA,NA,NA,NA,"7, 8, 9",NA,"9","data-deficient"
"Central Coast","Sockeye","SEL",528,"South Atnarko Lakes",NA,NA,NA,NA,NA,NA,NA,NA,NA,NA,NA,"7, 8, 9",NA,"9","data-deficient"
"Central Coast","Sockeye","SEL",529,"Backland",65.9741,28.2327,5.7932,0.76,99.22,0.02,"#CC0000","#FFFFFF","#FFFFFF","poor","poor","3, 3","absolute","3","poor"
"Central Coast","Sockeye","SEL",530,"Soda Creek",NA,NA,NA,NA,NA,NA,NA,NA,NA,NA,NA,"7, 8, 9",NA,"9","data-deficient"
"Central Coast","Sockeye","SEL",532,"Canoona",0,97.5714,2.4286,0.12,99.84,0.04,"#FFFFFF","#FFFF00","#FFFFFF","fair","fair","2","sr","2","fair"
"Central Coast","Sockeye","SEL",533,"Dome",NA,NA,NA,NA,NA,NA,NA,NA,NA,NA,NA,"7, 8, 9",NA,"9","data-deficient"
"Central Coast","Sockeye","SEL",534,"Evelyn",0,0,100,0,99.98,0.02,"#FFFFFF","#FFFF00","#FFFFFF","good","fair","1, 3","absolute","3","poor"
"Central Coast","Sockeye","SEL",535,"Kainet Creek",0,99.9762,0.0238,5.56,94.44,0,"#FFFFFF","#FFFF00","#FFFFFF","fair","fair","2, 3","absolute","3","poor"
"Central Coast","Sockeye","SEL",536,"Kimsquit",NA,NA,NA,NA,NA,NA,NA,NA,NA,NA,NA,"7, 8, 9",NA,"9","data-deficient"
"Central Coast","Sockeye","SEL",537,"Kitkiata",NA,NA,NA,NA,NA,NA,NA,NA,NA,NA,NA,"7, 8, 9",NA,"9","data-deficient"
"Central Coast","Sockeye","SEL",538,"Kitlope",0,97.7381,2.2619,39.8,60.2,0,"#CC0000","#FFFFFF","#FFFFFF","fair","poor","2","sr","2","fair"
"Central Coast","Sockeye","SEL",539,"Pine River",NA,NA,NA,NA,NA,NA,NA,NA,NA,NA,NA,"7, 8, 9",NA,"9","data-deficient"
"Central Coast","Sockeye","SEL",540,"Banks",NA,NA,NA,NA,NA,NA,NA,NA,NA,NA,NA,"7, 8, 9",NA,"9","data-deficient"
"Central Coast","Sockeye","SEL",541,"Bloomfield",0,0,100,0.06,99.88,0.06,"#FFFFFF","#FFFF00","#FFFFFF","good","fair","1, 3","absolute","3","poor"
"Central Coast","Sockeye","SEL",542,"Bolton Creek",NA,NA,NA,NA,NA,NA,NA,NA,NA,NA,NA,"7, 8, 9",NA,"9","data-deficient"
"Central Coast","Sockeye","SEL",543,"Bonilla",NA,NA,NA,NA,NA,NA,NA,NA,NA,NA,NA,"7, 8, 9",NA,"9","data-deficient"
"Central Coast","Sockeye","SEL",544,"Borrowman Creek",NA,NA,NA,NA,NA,NA,NA,NA,NA,NA,NA,"7, 8, 9",NA,"9","data-deficient"
"Central Coast","Sockeye","SEL",545,"Busey Creek",NA,NA,NA,NA,NA,NA,NA,NA,NA,NA,NA,"7, 8, 9",NA,"9","data-deficient"
"Central Coast","Sockeye","SEL",546,"Cartwright Creek",NA,NA,NA,NA,NA,NA,NA,NA,NA,NA,NA,"7, 8, 9",NA,"9","data-deficient"
"Central Coast","Sockeye","SEL",547,"Chic Chic",NA,NA,NA,NA,NA,NA,NA,NA,NA,NA,NA,"7, 8, 9",NA,"9","data-deficient"
"Central Coast","Sockeye","SEL",548,"Tuwartz",NA,NA,NA,NA,NA,NA,NA,NA,NA,NA,NA,"7, 8, 9",NA,"9","data-deficient"
"Central Coast","Sockeye","SEL",549,"Fannie Cove",NA,NA,NA,NA,NA,NA,NA,NA,NA,NA,NA,"7, 8, 9",NA,"9","data-deficient"
"Central Coast","Sockeye","SEL",550,"Curtis Inlet",NA,NA,NA,87.86,12.14,0,"#CC0000","#FFFFFF","#FFFFFF",NA,"poor","8","percentile","8","data-deficient"
"Central Coast","Sockeye","SEL",551,"Dallain Creek",NA,NA,NA,NA,NA,NA,NA,NA,NA,NA,NA,"7, 8, 9",NA,"9","data-deficient"
"Central Coast","Sockeye","SEL",552,"Deer",NA,NA,NA,NA,NA,NA,NA,NA,NA,NA,NA,"7, 8, 9",NA,"9","data-deficient"
"Central Coast","Sockeye","SEL",553,"Devon",0,0,100,0.5,99.5,0,"#FFFFFF","#FFFF00","#FFFFFF","good","fair","8","sr","8","data-deficient"
"Central Coast","Sockeye","SEL",554,"Douglas Creek",NA,NA,NA,NA,NA,NA,NA,NA,NA,NA,NA,"7, 8, 9",NA,"9","data-deficient"
"Central Coast","Sockeye","SEL",555,"Elizabeth",NA,NA,NA,NA,NA,NA,NA,NA,NA,NA,NA,"7, 8, 9",NA,"9","data-deficient"
"Central Coast","Sockeye","SEL",556,"Elsie/Hoy",NA,NA,NA,NA,NA,NA,NA,NA,NA,NA,NA,"7, 8, 9",NA,"9","data-deficient"
"Central Coast","Sockeye","SEL",557,"End Hill Creek",NA,NA,NA,NA,NA,NA,NA,NA,NA,NA,NA,"7, 8, 9",NA,"9","data-deficient"
"Central Coast","Sockeye","SEL",558,"Evinrude Inlet",NA,NA,NA,NA,NA,NA,NA,NA,NA,NA,NA,"7, 8, 9",NA,"9","data-deficient"
"Central Coast","Sockeye","SEL",559,"Freeda",NA,NA,NA,0,100,0,"#FFFFFF","#FFFF00","#FFFFFF",NA,"fair","2, 3","absolute","3","poor"
"Central Coast","Sockeye","SEL",560,"Hartley Bay",0,0.0952,99.9048,0,100,0,"#FFFFFF","#FFFF00","#FFFFFF","good","fair","1, 3","absolute","3","poor"
"Central Coast","Sockeye","SEL",561,"Hevenor Inlet",NA,NA,NA,NA,NA,NA,NA,NA,NA,NA,NA,"7, 8, 9",NA,"9","data-deficient"
"Central Coast","Sockeye","SEL",562,"Higgins Lagoon",NA,NA,NA,NA,NA,NA,NA,NA,NA,NA,NA,"7, 8, 9",NA,"9","data-deficient"
"Central Coast","Sockeye","SEL",563,"Kadjusdis River",0,0,100,0,77.8,22.2,"#FFFFFF","#FFFF00","#FFFFFF","good","fair","1","sr","1","good"
"Central Coast","Sockeye","SEL",564,"Kdelmashan Creek",NA,NA,NA,NA,NA,NA,NA,NA,NA,NA,NA,"7, 8, 9",NA,"9","data-deficient"
"Central Coast","Sockeye","SEL",565,"Keecha",0,99.5714,0.4286,19.6,80.4,0,"#FFFFFF","#FFFF00","#FFFFFF","fair","fair","8","sr","8","data-deficient"
"Central Coast","Sockeye","SEL",566,"Kent Inlet Lagoon Creek",NA,NA,NA,NA,NA,NA,NA,NA,NA,NA,NA,"7, 8, 9",NA,"9","data-deficient"
"Central Coast","Sockeye","SEL",567,"Kenzuwash Creeks",NA,NA,NA,NA,NA,NA,NA,NA,NA,NA,NA,"7, 8, 9",NA,"9","data-deficient"
"Central Coast","Sockeye","SEL",568,"Keswar Creek",NA,NA,NA,NA,NA,NA,NA,NA,NA,NA,NA,"7, 8, 9",NA,"9","data-deficient"
"Central Coast","Sockeye","SEL",569,"Kildidt Creek",NA,NA,NA,NA,NA,NA,NA,NA,NA,NA,NA,"7, 8, 9",NA,"9","data-deficient"
"Central Coast","Sockeye","SEL",570,"Kildidt Lagoon Creek",NA,NA,NA,NA,NA,NA,NA,NA,NA,NA,NA,"7, 8, 9",NA,"9","data-deficient"
"Central Coast","Sockeye","SEL",571,"Kisameet",NA,NA,NA,NA,NA,NA,NA,NA,NA,NA,NA,"7, 8, 9",NA,"9","data-deficient"
"Central Coast","Sockeye","SEL",572,"Koeye",0,46.1667,53.8333,0,8.88,91.12,"#FFFFFF","#FFFFFF","#009900","good","good","1","sr","1","good"
"Central Coast","Sockeye","SEL",573,"Kooryet",100,0,0,100,0,0,"#CC0000","#FFFFFF","#FFFFFF","poor","poor","3, 3","absolute","3","poor"
"Central Coast","Sockeye","SEL",574,"Kunsoot River",NA,NA,NA,NA,NA,NA,NA,NA,NA,NA,NA,"7, 8, 9",NA,"9","data-deficient"
"Central Coast","Sockeye","SEL",575,"Kwakwa Creek",NA,NA,NA,63.66,36.34,0,"#CC0000","#FFFFFF","#FFFFFF",NA,"poor","3, 3","absolute","3","poor"
"Central Coast","Sockeye","SEL",576,"Lewis Creek",NA,NA,NA,NA,NA,NA,NA,NA,NA,NA,NA,"7, 8, 9",NA,"9","data-deficient"
"Central Coast","Sockeye","SEL",577,"Limestone Creek",NA,NA,NA,NA,NA,NA,NA,NA,NA,NA,NA,"7, 8, 9",NA,"9","data-deficient"
"Central Coast","Sockeye","SEL",578,"Lowe/Simpson/Weir",95.4643,1.5039,3.0317,98.7,1.3,0,"#CC0000","#FFFFFF","#FFFFFF","poor","poor","3","sr","3","poor"
"Central Coast","Sockeye","SEL",579,"Mary Cove Creek",0,61.9762,38.0238,43.2,56.8,0,"#FFFFFF","#FFFF00","#FFFFFF","fair","fair","8","sr","8","data-deficient"
"Central Coast","Sockeye","SEL",580,"Mcdonald Creek",NA,NA,NA,NA,NA,NA,NA,NA,NA,NA,NA,"7, 8, 9",NA,"9","data-deficient"
"Central Coast","Sockeye","SEL",581,"Mcloughlin",NA,NA,NA,NA,NA,NA,NA,NA,NA,NA,NA,"7, 8, 9",NA,"9","data-deficient"
"Central Coast","Sockeye","SEL",582,"Mikado",0,0,100,0,100,0,"#FFFFFF","#FFFF00","#FFFFFF","good","fair","8","sr","8","data-deficient"
"Central Coast","Sockeye","SEL",583,"Monckton Inlet Creek",NA,NA,NA,NA,NA,NA,NA,NA,NA,NA,NA,"7, 8, 9",NA,"9","data-deficient"
"Central Coast","Sockeye","SEL",584,"Namu",0,0,100,0,81.34,18.66,"#FFFFFF","#FFFF00","#FFFFFF","good","fair","1","sr","1","good"
"Central Coast","Sockeye","SEL",585,"Port John",0,99.881,0.119,1.48,98.52,0,"#FFFFFF","#FFFF00","#FFFFFF","fair","fair","2, 3","absolute","3","poor"
"Central Coast","Sockeye","SEL",586,"Powles Creek",NA,NA,NA,NA,NA,NA,NA,NA,NA,NA,NA,"7, 8, 9",NA,"9","data-deficient"
"Central Coast","Sockeye","SEL",587,"Price Creek",NA,NA,NA,NA,NA,NA,NA,NA,NA,NA,NA,"7, 8, 9",NA,"9","data-deficient"
"Central Coast","Sockeye","SEL",588,"Roderick",89.0355,10.1248,0.8397,96.1,3.9,0,"#CC0000","#FFFFFF","#FFFFFF","poor","poor","3, 3","absolute","3","poor"
"Central Coast","Sockeye","SEL",589,"Ryan Creek",NA,NA,NA,NA,NA,NA,NA,NA,NA,NA,NA,"7, 8, 9",NA,"9","data-deficient"
"Central Coast","Sockeye","SEL",590,"Salter",NA,NA,NA,NA,NA,NA,NA,NA,NA,NA,NA,"7, 8, 9",NA,"9","data-deficient"
"Central Coast","Sockeye","SEL",591,"Scoular/Kilpatrick",NA,NA,NA,NA,NA,NA,NA,NA,NA,NA,NA,"7, 8, 9",NA,"9","data-deficient"
"Central Coast","Sockeye","SEL",592,"Sheneeza Inlet",NA,NA,NA,NA,NA,NA,NA,NA,NA,NA,NA,"7, 8, 9",NA,"9","data-deficient"
"Central Coast","Sockeye","SEL",593,"Ship Point Creek",NA,NA,NA,NA,NA,NA,NA,NA,NA,NA,NA,"7, 8, 9",NA,"9","data-deficient"
"Central Coast","Sockeye","SEL",594,"Spencer Creek",NA,NA,NA,NA,NA,NA,NA,NA,NA,NA,NA,"7, 8, 9",NA,"9","data-deficient"
"Central Coast","Sockeye","SEL",595,"Stannard Creek",NA,NA,NA,NA,NA,NA,NA,NA,NA,NA,NA,"7, 8, 9",NA,"9","data-deficient"
"Central Coast","Sockeye","SEL",596,"Talamoosa Creek",NA,NA,NA,NA,NA,NA,NA,NA,NA,NA,NA,"7, 8, 9",NA,"9","data-deficient"
"Central Coast","Sockeye","SEL",597,"Tankeeah River",0,100,0,45.68,54.32,0,"#CC0000","#FFFFFF","#FFFFFF","fair","poor","2","sr","2","fair"
"Central Coast","Sockeye","SEL",598,"Treneman Creek",NA,NA,NA,NA,NA,NA,NA,NA,NA,NA,NA,"7, 8, 9",NA,"9","data-deficient"
"Central Coast","Sockeye","SEL",599,"Tsimtack/Moore/Roger",1.2622,82.1386,16.5992,50.6,49.4,0,"#FFFFFF","#FFFF00","#FFFFFF","fair","fair","2","sr","2","fair"
"Central Coast","Sockeye","SEL",600,"Tuno Creek East",NA,NA,NA,NA,NA,NA,NA,NA,NA,NA,NA,"7, 8, 9",NA,"9","data-deficient"
"Central Coast","Sockeye","SEL",601,"Tuno Creek West",NA,NA,NA,NA,NA,NA,NA,NA,NA,NA,NA,"7, 8, 9",NA,"9","data-deficient"
"Central Coast","Sockeye","SEL",602,"Tyler Creek",NA,NA,NA,NA,NA,NA,NA,NA,NA,NA,NA,"7, 8, 9",NA,"9","data-deficient"
"Central Coast","Sockeye","SEL",603,"Wale Creek",NA,NA,NA,NA,NA,NA,NA,NA,NA,NA,NA,"7, 8, 9",NA,"9","data-deficient"
"Central Coast","Sockeye","SEL",604,"Watt Bay",NA,NA,NA,NA,NA,NA,NA,NA,NA,NA,NA,"7, 8, 9",NA,"9","data-deficient"
"Central Coast","Sockeye","SEL",605,"West Creek",NA,NA,NA,NA,NA,NA,NA,NA,NA,NA,NA,"7, 8, 9",NA,"9","data-deficient"
"Central Coast","Sockeye","SEL",606,"Yaaklele Lagoon",NA,NA,NA,NA,NA,NA,NA,NA,NA,NA,NA,"7, 8, 9",NA,"9","data-deficient"
"Central Coast","Sockeye","SEL",607,"Yeo",0,100,0,0.36,99.64,0,"#FFFFFF","#FFFF00","#FFFFFF","fair","fair","2, 3","absolute","3","poor"
"Central Coast","Sockeye","SER",613,"Rivers-Smith Inlets (river-type)",NA,NA,NA,NA,NA,NA,NA,NA,NA,NA,NA,"7, 8, 9",NA,"9","data-deficient"
"Central Coast","Sockeye","SER",614,"Northern Coastal Fjords (river-type)",100,0,0,100,0,0,"#CC0000","#FFFFFF","#FFFFFF","poor","poor","3","sr","3","poor"
"Central Coast","Sockeye","SER",615,"Northern Coastal Streams (river-type)",NA,NA,NA,NA,NA,NA,NA,NA,NA,NA,NA,"7, 8, 9",NA,"9","data-deficient"
"Central Coast","Steelhead","SH",680,"North Coast Winter",NA,NA,NA,NA,NA,NA,NA,NA,NA,NA,NA,"7, 8, 9",NA,"9","data-deficient"
"Central Coast","Steelhead","SH",681,"North Coast Summer",NA,NA,NA,NA,NA,NA,NA,NA,NA,NA,NA,"7, 8, 9",NA,"9","data-deficient"
"Central Coast","Steelhead","SH",682,"Central Coast Winter",NA,NA,NA,NA,NA,NA,NA,NA,NA,NA,NA,"7, 8, 9",NA,"9","data-deficient"
"Central Coast","Steelhead","SH",683,"Transition Summer",NA,NA,NA,NA,NA,NA,NA,NA,NA,NA,NA,"7, 8, 9",NA,"9","data-deficient"
"Columbia","Chinook","CK",301,"Okanagan",NA,NA,NA,0,98.94,1.06,"#FFFFFF","#FFFF00","#FFFFFF",NA,"fair","3, 7","absolute","3","poor"
"Columbia","Sockeye","SEL",1300,"Osoyoos",NA,NA,NA,0,80.96,19.04,"#FFFFFF","#FFFF00","#FFFFFF",NA,"fair","2","percentile","2","fair"
"Columbia","Steelhead","SH",1380,"Mid Columbia Summer",NA,NA,NA,96.84,3.16,0,"#CC0000","#FFFFFF","#FFFFFF",NA,"poor","3, 7","absolute","3","poor"
"East Vancouver Island & Mainland Inlets","Chinook","CK",320,"Southern Mainland-Georgia Strait (Fall x-1)",NA,NA,NA,0,91.62,8.38,"#FFFFFF","#FFFF00","#FFFFFF",NA,"fair","6, 7, 8",NA,"8","data-deficient"
"East Vancouver Island & Mainland Inlets","Chinook","CK",321,"East Vancouver Island-Goldstream (Fall x-1)",NA,NA,NA,94.46,5.54,0,"#CC0000","#FFFFFF","#FFFFFF",NA,"poor","3, 6, 7, 8",NA,"8","data-deficient"
"East Vancouver Island & Mainland Inlets","Chinook","CK",322,"East Vancouver Island-Cowichan and Koksilah (Fall x-1)",NA,NA,NA,0,6.06,93.94,"#FFFFFF","#FFFFFF","#009900",NA,"good","6, 8",NA,"8","data-deficient"
"East Vancouver Island & Mainland Inlets","Chinook","CK",323,"East Vancouver Island-Nanaimo (Spring x-2)",NA,NA,NA,NA,NA,NA,NA,NA,NA,NA,NA,"6, 7, 8, 9",NA,"9","data-deficient"
"East Vancouver Island & Mainland Inlets","Chinook","CK",324,"East Vancouver Island-Nanaimo and Chemainus (Fall x-1)",NA,NA,NA,0,78.8,21.2,"#FFFFFF","#FFFF00","#FFFFFF",NA,"fair","6, 8",NA,"8","data-deficient"
"East Vancouver Island & Mainland Inlets","Chinook","CK",325,"East Vancouver Island-Qualicum and Puntledge (Fall x-1)",NA,NA,NA,0.1,98.62,1.28,"#FFFFFF","#FFFF00","#FFFFFF",NA,"fair","6, 8",NA,"8","data-deficient"
"East Vancouver Island & Mainland Inlets","Chinook","CK",326,"Southern Mainland-Southern Fjords (Fall x-1)",NA,NA,NA,0,38.54,61.46,"#FFFFFF","#FFFFFF","#009900",NA,"good","6, 7, 8",NA,"8","data-deficient"
"East Vancouver Island & Mainland Inlets","Chinook","CK",327,"East Vancouver Island-North (Fall x-1)",NA,NA,NA,9.1,90.9,0,"#CC0000","#FFFFFF","#FFFFFF",NA,"poor","3, 6, 7, 8",NA,"8","data-deficient"
"East Vancouver Island & Mainland Inlets","Chinook","CK",331,"Homathko (Summer x-x)",NA,NA,NA,NA,NA,NA,NA,NA,NA,NA,NA,"6, 7, 8, 9",NA,"9","data-deficient"
"East Vancouver Island & Mainland Inlets","Chinook","CK",332,"Klinaklini (Summer 5-2)",NA,NA,NA,NA,NA,NA,NA,NA,NA,NA,NA,"6, 7, 8, 9",NA,"9","data-deficient"
"East Vancouver Island & Mainland Inlets","Chinook","CK",334,"East Vancouver Island-Georgia Strait (Summer 4-1)",NA,NA,NA,88.1,11.9,0,"#CC0000","#FFFFFF","#FFFFFF",NA,"poor","3, 6, 8",NA,"8","data-deficient"
"East Vancouver Island & Mainland Inlets","Chum","CM",900,"Southern Coastal Streams",NA,NA,NA,39.58,60.42,0,"#FFFFFF","#FFFF00","#FFFFFF",NA,"fair","8","percentile","8","data-deficient"
"East Vancouver Island & Mainland Inlets","Chum","CM",901,"Bute Inlet",NA,NA,NA,0,98.78,1.22,"#FFFFFF","#FFFF00","#FFFFFF",NA,"fair","8","percentile","8","data-deficient"
"East Vancouver Island & Mainland Inlets","Chum","CM",902,"Loughborough",NA,NA,NA,96.34,3.66,0,"#CC0000","#FFFFFF","#FFFFFF",NA,"poor","8","percentile","8","data-deficient"
"East Vancouver Island & Mainland Inlets","Chum","CM",903,"Northeast Vancouver Island",NA,NA,NA,98.96,1.04,0,"#CC0000","#FFFFFF","#FFFFFF",NA,"poor","8","percentile","8","data-deficient"
"East Vancouver Island & Mainland Inlets","Chum","CM",904,"Georgia Strait",NA,NA,NA,0,83.56,16.44,"#FFFFFF","#FFFF00","#FFFFFF",NA,"fair","8","percentile","8","data-deficient"
"East Vancouver Island & Mainland Inlets","Chum","CM",905,"Howe Sound-Burrard Inlet",NA,NA,NA,0,32.22,67.78,"#FFFFFF","#FFFFFF","#009900",NA,"good","8","percentile","8","data-deficient"
"East Vancouver Island & Mainland Inlets","Chum","CM",979,"Upper Knight",NA,NA,NA,19.4,80.6,0,"#FFFFFF","#FFFF00","#FFFFFF",NA,"fair","8","percentile","8","data-deficient"
"East Vancouver Island & Mainland Inlets","Coho","CO",907,"Howe Sound-Burrard Inlet",NA,NA,NA,NA,NA,NA,NA,NA,NA,NA,NA,"7, 8, 9",NA,"9","data-deficient"
"East Vancouver Island & Mainland Inlets","Coho","CO",908,"Georgia Strait Mainland",NA,NA,NA,NA,NA,NA,NA,NA,NA,NA,NA,"7, 8, 9",NA,"9","data-deficient"
"East Vancouver Island & Mainland Inlets","Coho","CO",909,"Southern Coastal Streams-Queen Charlotte Strait-Johnstone Strait-Southern Fjords",NA,NA,NA,NA,NA,NA,NA,NA,NA,NA,NA,"7, 8, 9",NA,"9","data-deficient"
"East Vancouver Island & Mainland Inlets","Coho","CO",910,"East Vancouver Island-Georgia Strait",NA,NA,NA,NA,NA,NA,NA,NA,NA,NA,NA,"7, 8, 9",NA,"9","data-deficient"
"East Vancouver Island & Mainland Inlets","Coho","CO",911,"East Vancouver Island-Johnstone Strait-Southern Fjords",NA,NA,NA,NA,NA,NA,NA,NA,NA,NA,NA,"7, 8, 9",NA,"9","data-deficient"
"East Vancouver Island & Mainland Inlets","Coho","CO",912,"Nahwitti Lowland",NA,NA,NA,NA,NA,NA,NA,NA,NA,NA,NA,"7, 8, 9",NA,"9","data-deficient"
"East Vancouver Island & Mainland Inlets","Coho","CO",916,"Homathko-Klinaklini Rivers",NA,NA,NA,NA,NA,NA,NA,NA,NA,NA,NA,"7, 8, 9",NA,"9","data-deficient"
"East Vancouver Island & Mainland Inlets","Pink","PKE",917,"Georgia Strait (even)",2.5952,88.3095,9.0952,0.02,63.86,36.12,"#FFFFFF","#FFFF00","#FFFFFF","fair","fair","8","sr","8","data-deficient"
"East Vancouver Island & Mainland Inlets","Pink","PKE",920,"Southern Fjords (even)",0.5,99.5,0,79.36,20.64,0,"#CC0000","#FFFFFF","#FFFFFF","fair","poor","8","sr","8","data-deficient"
"East Vancouver Island & Mainland Inlets","Pink","PKO",921,"East Howe Sound-Burrard Inlet (odd)",4.1905,65.4286,30.381,0.02,85.8,14.18,"#FFFFFF","#FFFF00","#FFFFFF","fair","fair","8","sr","8","data-deficient"
"East Vancouver Island & Mainland Inlets","Pink","PKO",922,"Georgia Strait (odd)",0,1.4762,98.5238,0,4.66,95.34,"#FFFFFF","#FFFFFF","#009900","good","good","8","sr","8","data-deficient"
"East Vancouver Island & Mainland Inlets","Pink","PKO",923,"East Vancouver Island-Johnstone Strait (odd)",6.7938,37.4017,55.8045,0,85.78,14.22,"#FFFFFF","#FFFF00","#FFFFFF","good","fair","8","sr","8","data-deficient"
"East Vancouver Island & Mainland Inlets","Pink","PKO",924,"Nahwitti (odd)",88.5844,10.939,0.4766,5.56,94.02,0.42,"#FFFFFF","#FFFF00","#FFFFFF","poor","fair","8","sr","8","data-deficient"
"East Vancouver Island & Mainland Inlets","Pink","PKO",926,"Southern Fjords (odd)",100,0,0,100,0,0,"#CC0000","#FFFFFF","#FFFFFF","poor","poor","8","sr","8","data-deficient"
"East Vancouver Island & Mainland Inlets","Sockeye","SEL",927,"Fulmore",NA,NA,NA,NA,NA,NA,NA,NA,NA,NA,NA,"7, 8, 9",NA,"9","data-deficient"
"East Vancouver Island & Mainland Inlets","Sockeye","SEL",928,"Heydon",NA,NA,NA,NA,NA,NA,NA,NA,NA,NA,NA,"7, 8, 9",NA,"9","data-deficient"
"East Vancouver Island & Mainland Inlets","Sockeye","SEL",929,"Kakweiken",NA,NA,NA,NA,NA,NA,NA,NA,NA,NA,NA,"7, 8, 9",NA,"9","data-deficient"
"East Vancouver Island & Mainland Inlets","Sockeye","SEL",930,"Loose",NA,NA,NA,NA,NA,NA,NA,NA,NA,NA,NA,"7, 8, 9",NA,"9","data-deficient"
"East Vancouver Island & Mainland Inlets","Sockeye","SEL",931,"Mackenzie",NA,NA,NA,NA,NA,NA,NA,NA,NA,NA,NA,"7, 8, 9",NA,"9","data-deficient"
"East Vancouver Island & Mainland Inlets","Sockeye","SEL",932,"Phillips",NA,NA,NA,NA,NA,NA,NA,NA,NA,NA,NA,"7, 8, 9",NA,"9","data-deficient"
"East Vancouver Island & Mainland Inlets","Sockeye","SEL",933,"Sakinaw",NA,NA,NA,99.44,0.56,0,"#CC0000","#FFFFFF","#FFFFFF",NA,"poor","8","percentile","8","data-deficient"
"East Vancouver Island & Mainland Inlets","Sockeye","SEL",935,"Tzoonie",NA,NA,NA,NA,NA,NA,NA,NA,NA,NA,NA,"7, 8, 9",NA,"9","data-deficient"
"East Vancouver Island & Mainland Inlets","Sockeye","SEL",937,"Ida-Bonanza",NA,NA,NA,NA,NA,NA,NA,NA,NA,NA,NA,"7, 8, 9",NA,"9","data-deficient"
"East Vancouver Island & Mainland Inlets","Sockeye","SEL",938,"Nahwitti",NA,NA,NA,NA,NA,NA,NA,NA,NA,NA,NA,"7, 8, 9",NA,"9","data-deficient"
"East Vancouver Island & Mainland Inlets","Sockeye","SEL",939,"Nimpkish",0,0.0715,99.9285,0,90.74,9.26,"#FFFFFF","#FFFF00","#FFFFFF","good","fair","8","sr","8","data-deficient"
"East Vancouver Island & Mainland Inlets","Sockeye","SEL",941,"Quatse",NA,NA,NA,NA,NA,NA,NA,NA,NA,NA,NA,"7, 8, 9",NA,"9","data-deficient"
"East Vancouver Island & Mainland Inlets","Sockeye","SEL",942,"Schoen",NA,NA,NA,NA,NA,NA,NA,NA,NA,NA,NA,"7, 8, 9",NA,"9","data-deficient"
"East Vancouver Island & Mainland Inlets","Sockeye","SEL",943,"Shushartie",NA,NA,NA,NA,NA,NA,NA,NA,NA,NA,NA,"7, 8, 9",NA,"9","data-deficient"
"East Vancouver Island & Mainland Inlets","Sockeye","SEL",944,"Woss",NA,NA,NA,NA,NA,NA,NA,NA,NA,NA,NA,"7, 8, 9",NA,"9","data-deficient"
"East Vancouver Island & Mainland Inlets","Sockeye","SEL",976,"Vernon",NA,NA,NA,NA,NA,NA,NA,NA,NA,NA,NA,"7, 8, 9",NA,"9","data-deficient"
"East Vancouver Island & Mainland Inlets","Sockeye","SER",971,"Southern Fjords (river-type)",NA,NA,NA,NA,NA,NA,NA,NA,NA,NA,NA,"7, 8, 9",NA,"9","data-deficient"
"East Vancouver Island & Mainland Inlets","Sockeye","SER",973,"East Vancouver Island & Georgia Strait (river-type)",NA,NA,NA,NA,NA,NA,NA,NA,NA,NA,NA,"7, 8, 9",NA,"9","data-deficient"
"East Vancouver Island & Mainland Inlets","Steelhead","SH",980,"South Coast Winter",NA,NA,NA,0,84.24,15.76,"#FFFFFF","#FFFF00","#FFFFFF",NA,"fair","11",NA,"11","data-deficient"
"East Vancouver Island & Mainland Inlets","Steelhead","SH",981,"East Vancouver Island Winter",NA,NA,NA,98.4,1.6,0,"#CC0000","#FFFFFF","#FFFFFF",NA,"poor","3, 3","absolute","3","poor"
"East Vancouver Island & Mainland Inlets","Steelhead","SH",983,"South Coast Summer",NA,NA,NA,NA,NA,NA,NA,NA,NA,NA,NA,"7, 8, 9",NA,"9","data-deficient"
"East Vancouver Island & Mainland Inlets","Steelhead","SH",985,"East Vancouver Island Summer",NA,NA,NA,95.98,4.02,0,"#CC0000","#FFFFFF","#FFFFFF",NA,"poor","3, 3","absolute","3","poor"
"Fraser","Chinook","CK",302,"Boundary Bay (Fall 4-1)",NA,NA,NA,0,96.3,3.7,"#FFFFFF","#FFFF00","#FFFFFF",NA,"fair","6, 8",NA,"8","data-deficient"
"Fraser","Chinook","CK",303,"Lower Fraser River (Fall 4-1)",NA,NA,NA,1.48,98.5,0.02,"#FFFFFF","#FFFF00","#FFFFFF",NA,"fair","6",NA,"6","not-assessed"
"Fraser","Chinook","CK",304,"Lower Fraser River (Spring 5-2)",NA,NA,NA,38.14,61.86,0,"#FFFFFF","#FFFF00","#FFFFFF",NA,"fair","6",NA,"6","not-assessed"
"Fraser","Chinook","CK",305,"Lower Fraser River-Upper Pitt (Summer 5-2)",NA,NA,NA,99.7,0.3,0,"#CC0000","#FFFFFF","#FFFFFF",NA,"poor","3, 6, 3","absolute","3","poor"
"Fraser","Chinook","CK",306,"Lower Fraser River (Summer 5-2)",NA,NA,NA,0.04,99.96,0,"#FFFFFF","#FFFF00","#FFFFFF",NA,"fair","6",NA,"6","not-assessed"
"Fraser","Chinook","CK",307,"Lower Fraser River-Maria Slough (Summer 4-1)",NA,NA,NA,95.38,4.62,0,"#CC0000","#FFFFFF","#FFFFFF",NA,"poor","3, 6, 3","absolute","3","poor"
"Fraser","Chinook","CK",308,"Fraser Canyon-Nahatlatch (Spring 5-2)",NA,NA,NA,0,64.82,35.18,"#FFFFFF","#FFFF00","#FFFFFF",NA,"fair","6",NA,"6","not-assessed"
"Fraser","Chinook","CK",309,"Middle Fraser River-Portage (Fall 5-2)",NA,NA,NA,40.3,59.7,0,"#CC0000","#FFFFFF","#FFFFFF",NA,"poor","3, 6, 3","absolute","3","poor"
"Fraser","Chinook","CK",310,"Middle Fraser River (Spring 5-2)",NA,NA,NA,73.2,26.8,0,"#CC0000","#FFFFFF","#FFFFFF",NA,"poor","3, 6","percentile","3","poor"
"Fraser","Chinook","CK",311,"Middle Fraser River (Summer 5-2)",NA,NA,NA,47.94,52.06,0,"#FFFFFF","#FFFF00","#FFFFFF",NA,"fair","6",NA,"6","not-assessed"
"Fraser","Chinook","CK",312,"Upper Fraser River (Spring 5-2)",NA,NA,NA,92.3,7.7,0,"#CC0000","#FFFFFF","#FFFFFF",NA,"poor","3, 6","percentile","3","poor"
"Fraser","Chinook","CK",313,"South Thompson River (Summer 4-1)",NA,NA,NA,0,2.56,97.44,"#FFFFFF","#FFFFFF","#009900",NA,"good","6",NA,"6","not-assessed"
"Fraser","Chinook","CK",314,"South Thompson River (Summer 5-2)",NA,NA,NA,0,98.96,1.04,"#FFFFFF","#FFFF00","#FFFFFF",NA,"fair","6",NA,"6","not-assessed"
"Fraser","Chinook","CK",315,"Shuswap River (Summer 4-1)",NA,NA,NA,0,16.7,83.3,"#FFFFFF","#FFFFFF","#009900",NA,"good","6",NA,"6","not-assessed"
"Fraser","Chinook","CK",316,"South Thompson River-Bessette Creek (Summer 4-2)",NA,NA,NA,99.5,0.5,0,"#CC0000","#FFFFFF","#FFFFFF",NA,"poor","3, 6, 3","absolute","3","poor"
"Fraser","Chinook","CK",317,"Lower Thompson River (Spring 4-2)",NA,NA,NA,0.1,99.86,0.04,"#FFFFFF","#FFFF00","#FFFFFF",NA,"fair","6",NA,"6","not-assessed"
"Fraser","Chinook","CK",318,"North Thompson River (Spring 5-2)",NA,NA,NA,16.58,83.16,0.26,"#FFFFFF","#FFFF00","#FFFFFF",NA,"fair","6",NA,"6","not-assessed"
"Fraser","Chinook","CK",319,"North Thompson River (Summer 5-2)",NA,NA,NA,12.64,87.36,0,"#FFFFFF","#FFFF00","#FFFFFF",NA,"fair","6",NA,"6","not-assessed"
"Fraser","Chinook","CK",333,"South Thompson-Adams River Upper",NA,NA,NA,0,87.32,12.68,"#FFFFFF","#FFFF00","#FFFFFF",NA,"fair","6, 7, 8",NA,"8","data-deficient"
"Fraser","Chum","CM",701,"Lower Fraser",NA,NA,NA,98.74,1.26,0,"#CC0000","#FFFFFF","#FFFFFF",NA,"poor","3","percentile","3","poor"
"Fraser","Coho","CO",704,"Lillooet",NA,NA,NA,NA,NA,NA,NA,NA,NA,NA,NA,"7, 8, 9",NA,"9","data-deficient"
"Fraser","Coho","CO",705,"Fraser Canyon",NA,NA,NA,0.14,96.22,3.64,"#FFFFFF","#FFFF00","#FFFFFF",NA,"fair","3",NA,"6","not-assessed"
"Fraser","Coho","CO",707,"Lower Thompson",NA,NA,NA,0,0,100,"#FFFFFF","#FFFFFF","#009900",NA,"good","1",NA,"6","not-assessed"
"Fraser","Coho","CO",708,"South Thompson",NA,NA,NA,0,18.68,81.32,"#FFFFFF","#FFFFFF","#009900",NA,"good","3",NA,"6","not-assessed"
"Fraser","Coho","CO",709,"North Thompson",NA,NA,NA,0,2.82,97.18,"#FFFFFF","#FFFFFF","#009900",NA,"good","3",NA,"6","not-assessed"
"Fraser","Coho","CO",749,"Interior Fraser",NA,NA,NA,0,0,100,"#FFFFFF","#FFFFFF","#009900",NA,"good","1",NA,"6","not-assessed"
"Fraser","Coho","CO",750,"Lower Fraser",NA,NA,NA,NA,NA,NA,NA,NA,NA,NA,NA,"7, 8, 9",NA,"9","data-deficient"
"Fraser","Coho","CO",906,"Boundary Bay",NA,NA,NA,NA,NA,NA,NA,NA,NA,NA,NA,"7, 8, 9",NA,"9","data-deficient"
"Fraser","Pink","PKO",710,"Fraser River (odd)",0,0.2381,99.7619,0.26,36.66,63.08,"#FFFFFF","#FFFFFF","#009900","good","good","1","sr","1","good"
"Fraser","Sockeye","SEL",711,"Chilliwack-Early Summer (cyclic)",92.0515,3.1037,4.8448,0,97.12,2.88,"#FFFFFF","#FFFF00","#FFFFFF","poor","fair","3","sr","3","poor"
"Fraser","Sockeye","SEL",712,"Cultus-Late",NA,NA,NA,99.98,0.02,0,"#CC0000","#FFFFFF","#FFFFFF",NA,"poor","3, 3","absolute","3","poor"
"Fraser","Sockeye","SEL",713,"Harrison-Downstream Migrating-Late",99.881,0.119,0,91.2,8.8,0,"#CC0000","#FFFFFF","#FFFFFF","poor","poor","3, 3","absolute","3","poor"
"Fraser","Sockeye","SEL",714,"Harrison-Upstream Migrating-Late",99,1,0,99.34,0.66,0,"#CC0000","#FFFFFF","#FFFFFF","poor","poor","3","sr","3","poor"
"Fraser","Sockeye","SEL",715,"Pitt-Early Summer",15.5714,84.4286,0,96.12,3.88,0,"#CC0000","#FFFFFF","#FFFFFF","fair","poor","2","sr","2","fair"
"Fraser","Sockeye","SEL",716,"Lillooet-Harrison-Late",89.4048,10.5952,0,99.86,0.14,0,"#CC0000","#FFFFFF","#FFFFFF","poor","poor","3","sr","3","poor"
"Fraser","Sockeye","SEL",718,"Nahatlatch-Early Summer",0.7619,98.6429,0.5952,0.14,99.86,0,"#FFFFFF","#FFFF00","#FFFFFF","fair","fair","2","sr","2","fair"
"Fraser","Sockeye","SEL",719,"Anderson-Seton-Early Summer",32.6905,67.3095,0,0.06,99.94,0,"#FFFFFF","#FFFF00","#FFFFFF","fair","fair","2","sr","2","fair"
"Fraser","Sockeye","SEL",720,"Chilko-Early Summer",NA,NA,NA,0,89.8,10.2,"#FFFFFF","#FFFF00","#FFFFFF",NA,"fair","7, 8",NA,"8","data-deficient"
"Fraser","Sockeye","SEL",721,"Chilko-Summer",0.6905,99.1905,0.119,20.34,79.66,0,"#FFFFFF","#FFFF00","#FFFFFF","fair","fair","2","sr","2","fair"
"Fraser","Sockeye","SEL",725,"Francois-Fraser-Summer",7.9762,92.0238,0,23.16,76.84,0,"#FFFFFF","#FFFF00","#FFFFFF","fair","fair","2","sr","2","fair"
"Fraser","Sockeye","SEL",727,"Nadina-Francois-Early Summer",3.1429,67.6667,29.1905,0,6.64,93.36,"#FFFFFF","#FFFFFF","#009900","fair","good","2","sr","2","fair"
"Fraser","Sockeye","SEL",728,"Quesnel-Summer (cyclic)",100,0,0,2.8,97.2,0,"#FFFFFF","#FFFF00","#FFFFFF","poor","fair","3","sr","3","poor"
"Fraser","Sockeye","SEL",729,"Seton-Late (de novo)",100,0,0,96.18,3.82,0,"#CC0000","#FFFFFF","#FFFFFF","poor","poor","3, 3","absolute","3","poor"
"Fraser","Sockeye","SEL",731,"Takla-Trembleur-Stuart-Summer (cyclic)",100,0,0,0.88,99.12,0,"#FFFFFF","#FFFF00","#FFFFFF","poor","fair","3","sr","3","poor"
"Fraser","Sockeye","SEL",732,"Takla-Trembleur-Early Stuart (cyclic)",100,0,0,100,0,0,"#CC0000","#FFFFFF","#FFFFFF","poor","poor","3, 3","absolute","3","poor"
"Fraser","Sockeye","SEL",734,"Taseko-Early Summer",NA,NA,NA,0,100,0,"#FFFFFF","#FFFF00","#FFFFFF",NA,"fair","2, 3","absolute","3","poor"
"Fraser","Sockeye","SEL",735,"Bowron-Early Summer",100,0,0,100,0,0,"#CC0000","#FFFFFF","#FFFFFF","poor","poor","3, 3","absolute","3","poor"
"Fraser","Sockeye","SEL",738,"Shuswap-Early Summer (cyclic)",100,0,0,8.42,91.58,0,"#FFFFFF","#FFFF00","#FFFFFF","poor","fair","3","sr","3","poor"
"Fraser","Sockeye","SEL",739,"Shuswap-Late (cyclic)",100,0,0,54.08,45.92,0,"#CC0000","#FFFFFF","#FFFFFF","poor","poor","3","sr","3","poor"
"Fraser","Sockeye","SEL",740,"Kamloops-Early Summer",74.0476,25.9524,0,31.72,68.28,0,"#FFFFFF","#FFFF00","#FFFFFF","poor","fair","3","sr","3","poor"
"Fraser","Sockeye","SEL",752,"North Barriere-Early Summer (de novo)",98.0714,1.9286,0,99.54,0.46,0,"#CC0000","#FFFFFF","#FFFFFF","poor","poor","3, 3","absolute","3","poor"
"Fraser","Sockeye","SEL",753,"Fraser-Early Summer",NA,NA,NA,NA,NA,NA,NA,NA,NA,NA,NA,"7, 8, 9",NA,"9","data-deficient"
"Fraser","Sockeye","SEL",756,"Alouette-Early Summer",NA,NA,NA,NA,NA,NA,NA,NA,NA,NA,NA,"7, 8, 9",NA,"9","data-deficient"
"Fraser","Sockeye","SEL",757,"Coquitlam-Early Summer",NA,NA,NA,NA,NA,NA,NA,NA,NA,NA,NA,"7, 8, 9",NA,"9","data-deficient"
"Fraser","Sockeye","SEL",758,"Kawkawa-Late",NA,NA,NA,NA,NA,NA,NA,NA,NA,NA,NA,"4, 7, 8, 9",NA,"4","extinct"
"Fraser","Sockeye","SEL",759,"Seton-Summer",NA,NA,NA,NA,NA,NA,NA,NA,NA,NA,NA,"4, 7, 8, 9",NA,"4","extinct"
"Fraser","Sockeye","SEL",760,"Adams-Early Summer",NA,NA,NA,NA,NA,NA,NA,NA,NA,NA,NA,"4, 7, 8, 9",NA,"4","extinct"
"Fraser","Sockeye","SEL",761,"Momich-Early Summer",NA,NA,NA,NA,NA,NA,NA,NA,NA,NA,NA,"7, 8, 9",NA,"9","data-deficient"
"Fraser","Sockeye","SEL",763,"North Barriere-Early Summer",NA,NA,NA,NA,NA,NA,NA,NA,NA,NA,NA,"4, 7, 8, 9",NA,"4","extinct"
"Fraser","Sockeye","SER",742,"Widgeon (river-type)",NA,NA,NA,2.58,97.42,0,"#FFFFFF","#FFFF00","#FFFFFF",NA,"fair","2, 3","absolute","3","poor"
"Fraser","Sockeye","SER",745,"Harrison River (river-type)",42.881,57.119,0,0,95.78,4.22,"#FFFFFF","#FFFF00","#FFFFFF","fair","fair","2","sr","2","fair"
"Fraser","Steelhead","SH",780,"Mid Fraser Summer",100,0,0,100,0,0,"#CC0000","#FFFFFF","#FFFFFF","poor","poor","3, 3","percentile","3","poor"
"Fraser","Steelhead","SH",781,"Thompson Summer",96.4515,3.5246,0.0238,99.98,0.02,0,"#CC0000","#FFFFFF","#FFFFFF","poor","poor","3, 3","percentile","3","poor"
"Fraser","Steelhead","SH",782,"Lower Fraser Winter",NA,NA,NA,NA,NA,NA,NA,NA,NA,NA,NA,"7, 8, 9",NA,"9","data-deficient"
"Fraser","Steelhead","SH",783,"Fraser Canyon Summer",NA,NA,NA,NA,NA,NA,NA,NA,NA,NA,NA,"7, 8, 9",NA,"9","data-deficient"
"Fraser","Steelhead","SH",784,"Lower Fraser Summer",NA,NA,NA,NA,NA,NA,NA,NA,NA,NA,NA,"7, 8, 9",NA,"9","data-deficient"
"Fraser","Steelhead","SH",785,"Boundary Bay Winter",NA,NA,NA,NA,NA,NA,NA,NA,NA,NA,NA,"7, 8, 9",NA,"9","data-deficient"
"Haida Gwaii","Chinook","CK",805,"North Haida Gwaii",NA,NA,NA,0,0,100,"#FFFFFF","#FFFFFF","#009900",NA,"good","8","percentile","8","data-deficient"
"Haida Gwaii","Chinook","CK",806,"East Haida Gwaii",NA,NA,NA,NA,NA,NA,NA,NA,NA,NA,NA,"7, 8, 9",NA,"9","data-deficient"
"Haida Gwaii","Chum","CM",800,"North Haida Gwaii-Stanley Creek",NA,NA,NA,27.42,72.58,0,"#FFFFFF","#FFFF00","#FFFFFF",NA,"fair","8","percentile","8","data-deficient"
"Haida Gwaii","Chum","CM",801,"East Haida Gwaii",99.5952,0.4048,0,100,0,0,"#CC0000","#FFFFFF","#FFFFFF","poor","poor","3","sr","3","poor"
"Haida Gwaii","Chum","CM",802,"North Haida Gwaii",98.5238,1.4762,0,99.02,0.98,0,"#CC0000","#FFFFFF","#FFFFFF","poor","poor","3","sr","3","poor"
"Haida Gwaii","Chum","CM",803,"West Haida Gwaii",5.4524,94.5476,0,100,0,0,"#CC0000","#FFFFFF","#FFFFFF","fair","poor","2","sr","2","fair"
"Haida Gwaii","Chum","CM",804,"Skidegate",10.2619,89.6905,0.0476,84.7,15.3,0,"#CC0000","#FFFFFF","#FFFFFF","fair","poor","2","sr","2","fair"
"Haida Gwaii","Coho","CO",807,"East Haida Gwaii",57.381,42.619,0,100,0,0,"#CC0000","#FFFFFF","#FFFFFF","poor","poor","3","sr","3","poor"
"Haida Gwaii","Coho","CO",808,"West Haida Gwaii",5.0714,84.7381,10.1905,18.92,81.08,0,"#FFFFFF","#FFFF00","#FFFFFF","fair","fair","8","sr","8","data-deficient"
"Haida Gwaii","Coho","CO",809,"Haida Gwaii-Graham Island Lowlands",62.619,36.5238,0.8571,8.42,91.58,0,"#CC0000","#FFFFFF","#FFFFFF","poor","poor","8","sr","8","data-deficient"
"Haida Gwaii","Pink","PKE",810,"North Haida Gwaii (even)",0,0.0344,99.9656,0,39.06,60.94,"#FFFFFF","#FFFF00","#FFFFFF","good","fair","8","sr","8","data-deficient"
"Haida Gwaii","Pink","PKE",811,"East Haida Gwaii (even)",0.0471,0.0943,99.8586,0,50.04,49.96,"#FFFFFF","#FFFF00","#FFFFFF","good","fair","8","sr","8","data-deficient"
"Haida Gwaii","Pink","PKE",812,"West Haida Gwaii (even)",90.3689,0.2049,9.4262,100,0,0,"#CC0000","#FFFFFF","#FFFFFF","poor","poor","8","sr","8","data-deficient"
"Haida Gwaii","Pink","PKO",813,"East Haida Gwaii (odd)",8.5816,6.0787,85.3397,2.58,94.3,3.12,"#FFFFFF","#FFFF00","#FFFFFF","good","fair","2","percentile","2","fair"
"Haida Gwaii","Pink","PKO",814,"North Haida Gwaii (odd)",NA,NA,NA,NA,NA,NA,NA,NA,NA,NA,NA,"7, 8, 9",NA,"9","data-deficient"
"Haida Gwaii","Pink","PKO",815,"West Haida Gwaii (odd)",NA,NA,NA,NA,NA,NA,NA,NA,NA,NA,NA,"7, 8, 9",NA,"9","data-deficient"
"Haida Gwaii","Sockeye","SEL",819,"Ain-Skundale-Ian",NA,NA,NA,NA,NA,NA,NA,NA,NA,NA,NA,"7, 8, 9",NA,"9","data-deficient"
"Haida Gwaii","Sockeye","SEL",820,"Awun",0,1.6667,98.3333,0,94.22,5.78,"#FFFFFF","#FFFF00","#FFFFFF","good","fair","1","sr","1","good"
"Haida Gwaii","Sockeye","SEL",821,"Fairfax",NA,NA,NA,NA,NA,NA,NA,NA,NA,NA,NA,"7, 8, 9",NA,"9","data-deficient"
"Haida Gwaii","Sockeye","SEL",822,"Jalun",NA,NA,NA,NA,NA,NA,NA,NA,NA,NA,NA,"7, 8, 9",NA,"9","data-deficient"
"Haida Gwaii","Sockeye","SEL",823,"Marian/Eden",99.5236,0.1906,0.2859,93.78,6.22,0,"#CC0000","#FFFFFF","#FFFFFF","poor","poor","3","sr","3","poor"
"Haida Gwaii","Sockeye","SEL",824,"Mathers",NA,NA,NA,0,86.22,13.78,"#FFFFFF","#FFFF00","#FFFFFF",NA,"fair","8","percentile","8","data-deficient"
"Haida Gwaii","Sockeye","SEL",825,"Mercer",0,0,100,1.62,98.38,0,"#FFFFFF","#FFFF00","#FFFFFF","good","fair","8","sr","8","data-deficient"
"Haida Gwaii","Sockeye","SEL",826,"Skidegate",0,19.7143,80.2857,22.96,77.04,0,"#FFFFFF","#FFFF00","#FFFFFF","good","fair","1","sr","1","good"
"Haida Gwaii","Sockeye","SEL",827,"Yakoun",1.4286,98.5714,0,99.96,0.04,0,"#CC0000","#FFFFFF","#FFFFFF","fair","poor","2","sr","2","fair"
"Haida Gwaii","Sockeye","SER",816,"East Haida Gwaii (river-type)",NA,NA,NA,NA,NA,NA,NA,NA,NA,NA,NA,"7, 8, 9",NA,"9","data-deficient"
"Haida Gwaii","Sockeye","SER",817,"North Haida Gwaii (river-type)",NA,NA,NA,NA,NA,NA,NA,NA,NA,NA,NA,"7, 8, 9",NA,"9","data-deficient"
"Haida Gwaii","Sockeye","SER",818,"West Haida Gwaii (river-type)",NA,NA,NA,NA,NA,NA,NA,NA,NA,NA,NA,"7, 8, 9",NA,"9","data-deficient"
"Haida Gwaii","Steelhead","SH",880,"Haida Gwaii Winter",NA,NA,NA,NA,NA,NA,NA,NA,NA,NA,NA,"7, 8, 9",NA,"9","data-deficient"
"Nass","Chinook","CK",401,"Portland Sound-Observatory Inlet-Lower Nass",0,0,100,0,96.2,3.8,"#FFFFFF","#FFFF00","#FFFFFF","good","fair","1","sr","1","good"
"Nass","Chinook","CK",402,"Upper Nass",0.0238,3.5,96.4762,13.64,86.36,0,"#FFFFFF","#FFFF00","#FFFFFF","good","fair","1","sr","1","good"
"Nass","Chum","CM",404,"Portland Inlet",0,65.9286,34.0714,0.08,99.92,0,"#FFFFFF","#FFFF00","#FFFFFF","fair","fair","8","sr","8","data-deficient"
"Nass","Chum","CM",405,"Lower Nass",76.4321,15.6574,7.9105,27.1,72.88,0.02,"#FFFFFF","#FFFF00","#FFFFFF","poor","fair","8","sr","8","data-deficient"
"Nass","Chum","CM",406,"Portland Canal-Observatory",0,0,100,0,2.82,97.18,"#FFFFFF","#FFFFFF","#009900","good","good","1","sr","1","good"
"Nass","Coho","CO",408,"Lower Nass",0.8571,99.1429,0,0,88.88,11.12,"#FFFFFF","#FFFF00","#FFFFFF","fair","fair","2","sr","2","fair"
"Nass","Coho","CO",409,"Upper Nass",0,0,100,0,97.96,2.04,"#FFFFFF","#FFFF00","#FFFFFF","good","fair","1","sr","1","good"
"Nass","Coho","CO",410,"Portland Sound-Observatory Inlet-Portland Canal",0.1905,81.6667,18.1429,0,19.24,80.76,"#FFFFFF","#FFFFFF","#009900","fair","good","2","sr","2","fair"
"Nass","Pink","PKE",412,"Upper Nass (even)",NA,NA,NA,NA,NA,NA,NA,NA,NA,NA,NA,"7, 8, 9",NA,"9","data-deficient"
"Nass","Pink","PKO",414,"Nass-Portland-Observatory (odd)",0.0952,6.119,93.7857,0,57.18,42.82,"#FFFFFF","#FFFF00","#FFFFFF","good","fair","1","sr","1","good"
"Nass","Pink","PKO",415,"Upper Nass (odd)",NA,NA,NA,NA,NA,NA,NA,NA,NA,NA,NA,"7, 8, 9",NA,"9","data-deficient"
"Nass","Sockeye","SEL",418,"Clements",NA,NA,NA,NA,NA,NA,NA,NA,NA,NA,NA,"7, 8, 9",NA,"9","data-deficient"
"Nass","Sockeye","SEL",419,"Leverson",NA,NA,NA,NA,NA,NA,NA,NA,NA,NA,NA,"7, 8, 9",NA,"9","data-deficient"
"Nass","Sockeye","SEL",420,"Bowser",NA,NA,NA,NA,NA,NA,NA,NA,NA,NA,NA,"7, 8, 9",NA,"9","data-deficient"
"Nass","Sockeye","SEL",421,"Damdochax",0,0,100,0,10.68,89.32,"#FFFFFF","#FFFFFF","#009900","good","good","1","sr","1","good"
"Nass","Sockeye","SEL",422,"Fred Wright",1.1429,98.8571,0,0.44,99.56,0,"#FFFFFF","#FFFF00","#FFFFFF","fair","fair","2","sr","2","fair"
"Nass","Sockeye","SEL",423,"Kwinageese",NA,NA,NA,NA,NA,NA,NA,NA,NA,NA,NA,"8, 9",NA,"9","data-deficient"
"Nass","Sockeye","SEL",424,"Meziadin",0,0,100,0.06,99.46,0.48,"#FFFFFF","#FFFF00","#FFFFFF","good","fair","1","sr","1","good"
"Nass","Sockeye","SEL",425,"Oweegee",NA,NA,NA,NA,NA,NA,NA,NA,NA,NA,NA,"7, 8, 9",NA,"9","data-deficient"
"Nass","Sockeye","SER",426,"Lower Nass-Portland (river-type)",0.4048,7.9762,91.619,0,5.72,94.28,"#FFFFFF","#FFFFFF","#009900","good","good","1","sr","1","good"
"Nass","Sockeye","SER",427,"Upper Nass River (river-type)",2.9293,42.1291,54.9417,0,92.64,7.36,"#FFFFFF","#FFFF00","#FFFFFF","good","fair","1, 3","absolute","3","poor"
"Nass","Steelhead","SH",480,"Nass Summer",NA,NA,NA,4.14,95.86,0,"#FFFFFF","#FFFF00","#FFFFFF",NA,"fair","2","percentile","2","fair"
"Nass","Steelhead","SH",481,"Nass Winter",NA,NA,NA,NA,NA,NA,NA,NA,NA,NA,NA,"7, 8, 9",NA,"9","data-deficient"
"Northern Transboundary","Chinook","CK",1004,"Alsek",NA,NA,NA,40.4,59.58,0.02,"#CC0000","#FFFFFF","#FFFFFF",NA,"poor","3","percentile","3","poor"
"Northern Transboundary","Chinook","CK",1005,"Lynn Canal",NA,NA,NA,NA,NA,NA,NA,NA,NA,NA,NA,"7, 8, 9",NA,"9","data-deficient"
"Northern Transboundary","Chinook","CK",1006,"Taku-Early Timing",NA,NA,NA,NA,NA,NA,NA,NA,NA,NA,NA,"7, 8, 9",NA,"9","data-deficient"
"Northern Transboundary","Chinook","CK",1007,"Taku-Mid Timing",NA,NA,NA,NA,NA,NA,NA,NA,NA,NA,NA,"7, 8, 9",NA,"9","data-deficient"
"Northern Transboundary","Chinook","CK",1008,"Taku-Late Timing",NA,NA,NA,NA,NA,NA,NA,NA,NA,NA,NA,"7, 8, 9",NA,"9","data-deficient"
"Northern Transboundary","Chinook","CK",1010,"Stikine-Early Timing",NA,NA,NA,NA,NA,NA,NA,NA,NA,NA,NA,"7, 8, 9",NA,"9","data-deficient"
"Northern Transboundary","Chinook","CK",1011,"Stikine-Late Timing",NA,NA,NA,NA,NA,NA,NA,NA,NA,NA,NA,"7, 8, 9",NA,"9","data-deficient"
"Northern Transboundary","Chum","CM",1001,"Taku",NA,NA,NA,NA,NA,NA,NA,NA,NA,NA,NA,"7, 8, 9",NA,"9","data-deficient"
"Northern Transboundary","Coho","CO",1013,"Alsek",NA,NA,NA,NA,NA,NA,NA,NA,NA,NA,NA,"7, 8, 9",NA,"9","data-deficient"
"Northern Transboundary","Coho","CO",1015,"Taku-Late Timing",NA,NA,NA,NA,NA,NA,NA,NA,NA,NA,NA,"7, 8, 9",NA,"9","data-deficient"
"Northern Transboundary","Coho","CO",1017,"Lower Stikine",NA,NA,NA,NA,NA,NA,NA,NA,NA,NA,NA,"7, 8, 9",NA,"9","data-deficient"
"Northern Transboundary","Coho","CO",1034,"Taku-Early Timing",NA,NA,NA,NA,NA,NA,NA,NA,NA,NA,NA,"7, 8, 9",NA,"9","data-deficient"
"Northern Transboundary","Coho","CO",1035,"Taku-Mid Timing",NA,NA,NA,NA,NA,NA,NA,NA,NA,NA,NA,"7, 8, 9",NA,"9","data-deficient"
"Northern Transboundary","Pink","PKE",1019,"Transboundary Fjords (even)",NA,NA,NA,NA,NA,NA,NA,NA,NA,NA,NA,"7, 8, 9",NA,"9","data-deficient"
"Northern Transboundary","Pink","PKO",1020,"Transboundary Fjords (odd)",NA,NA,NA,NA,NA,NA,NA,NA,NA,NA,NA,"7, 8, 9",NA,"9","data-deficient"
"Northern Transboundary","Sockeye","SEL",1025,"Christina",NA,NA,NA,NA,NA,NA,NA,NA,NA,NA,NA,"7, 8, 9",NA,"9","data-deficient"
"Northern Transboundary","Sockeye","SEL",1026,"Tahltan",NA,NA,NA,3.42,96.58,0,"#FFFFFF","#FFFF00","#FFFFFF",NA,"fair","2","percentile","2","fair"
"Northern Transboundary","Sockeye","SEL",1027,"Kuthai",NA,NA,NA,69.84,30.16,0,"#CC0000","#FFFFFF","#FFFFFF",NA,"poor","3, 3","absolute","3","poor"
"Northern Transboundary","Sockeye","SEL",1028,"Little Trapper",NA,NA,NA,4.1,95.8,0.1,"#FFFFFF","#FFFF00","#FFFFFF",NA,"fair","2","percentile","2","fair"
"Northern Transboundary","Sockeye","SEL",1029,"Tatsamenie",NA,NA,NA,0.02,92.3,7.68,"#FFFFFF","#FFFF00","#FFFFFF",NA,"fair","2","percentile","2","fair"
"Northern Transboundary","Sockeye","SEL",1033,"King Salmon",NA,NA,NA,0,1.88,98.12,"#FFFFFF","#FFFFFF","#009900",NA,"good","1","percentile","1","good"
"Northern Transboundary","Sockeye","SEL",1036,"Chutine",NA,NA,NA,NA,NA,NA,NA,NA,NA,NA,NA,"7, 8, 9",NA,"9","data-deficient"
"Northern Transboundary","Sockeye","SEL",1038,"Klukshu",NA,NA,NA,0,97.86,2.14,"#FFFFFF","#FFFF00","#FFFFFF",NA,"fair","2","percentile","2","fair"
"Northern Transboundary","Sockeye","SEL",1039,"Nesketahin",NA,NA,NA,55.28,44.72,0,"#CC0000","#FFFFFF","#FFFFFF",NA,"poor","3, 3","absolute","3","poor"
"Northern Transboundary","Sockeye","SER",1021,"Alsek (river-type)",NA,NA,NA,NA,NA,NA,NA,NA,NA,NA,NA,"7, 8, 9",NA,"9","data-deficient"
"Northern Transboundary","Sockeye","SER",1023,"Northern Transboundary Fjords (river-type)",NA,NA,NA,NA,NA,NA,NA,NA,NA,NA,NA,"7, 8, 9",NA,"9","data-deficient"
"Northern Transboundary","Steelhead","SH",1080,"Alsek Summer",NA,NA,NA,NA,NA,NA,NA,NA,NA,NA,NA,"7, 8, 9",NA,"9","data-deficient"
"Northern Transboundary","Steelhead","SH",1081,"Taku Summer",NA,NA,NA,NA,NA,NA,NA,NA,NA,NA,NA,"7, 8, 9",NA,"9","data-deficient"
"Northern Transboundary","Steelhead","SH",1082,"Taku Winter",NA,NA,NA,NA,NA,NA,NA,NA,NA,NA,NA,"7, 8, 9",NA,"9","data-deficient"
"Northern Transboundary","Steelhead","SH",1083,"Stikine Summer",NA,NA,NA,NA,NA,NA,NA,NA,NA,NA,NA,"7, 8, 9",NA,"9","data-deficient"
"Northern Transboundary","Steelhead","SH",1084,"Stikine Winter",NA,NA,NA,NA,NA,NA,NA,NA,NA,NA,NA,"7, 8, 9",NA,"9","data-deficient"
"Skeena","Chinook","CK",205,"Ecstall",NA,NA,NA,0.1,99.9,0,"#FFFFFF","#FFFF00","#FFFFFF",NA,"fair","7, 8",NA,"8","data-deficient"
"Skeena","Chinook","CK",206,"Kalum-Early",NA,NA,NA,68.74,31.26,0,"#CC0000","#FFFFFF","#FFFFFF",NA,"poor","8","percentile","8","data-deficient"
"Skeena","Chinook","CK",207,"Kalum-Late",0.0476,1.9524,98,47.66,52.34,0,"#CC0000","#FFFFFF","#FFFFFF","good","poor","1","sr","1","good"
"Skeena","Chinook","CK",210,"Lower Skeena",11.9762,88.0238,0,99.92,0.08,0,"#CC0000","#FFFFFF","#FFFFFF","fair","poor","2, 3","absolute","3","poor"
"Skeena","Chinook","CK",212,"Upper Skeena",41.0238,58.9762,0,96.94,3.06,0,"#CC0000","#FFFFFF","#FFFFFF","fair","poor","2","sr","2","fair"
"Skeena","Chinook","CK",217,"Middle Skeena-Mainstem Tributaries",20.8571,79.1429,0,99.92,0.08,0,"#CC0000","#FFFFFF","#FFFFFF","fair","poor","2","sr","2","fair"
"Skeena","Chinook","CK",221,"Upper Bulkley River",NA,NA,NA,0,42.42,57.58,"#FFFFFF","#FFFFFF","#009900",NA,"good","8","percentile","8","data-deficient"
"Skeena","Chinook","CK",222,"Middle Skeena-Large Lakes",13.619,86.381,0,94.66,5.34,0,"#CC0000","#FFFFFF","#FFFFFF","fair","poor","2","sr","2","fair"
"Skeena","Chinook","CK",224,"Skeena Estuary",NA,NA,NA,NA,NA,NA,NA,NA,NA,NA,NA,"7, 8, 9",NA,"9","data-deficient"
"Skeena","Chinook","CK",227,"Lakelse",NA,NA,NA,NA,NA,NA,NA,NA,NA,NA,NA,"7, 8, 9",NA,"9","data-deficient"
"Skeena","Chinook","CK",229,"Zymoetz",19.7619,80.1667,0.0714,100,0,0,"#CC0000","#FFFFFF","#FFFFFF","fair","poor","2, 3","absolute","3","poor"
"Skeena","Chum","CM",211,"Lower Skeena",100,0,0,100,0,0,"#CC0000","#FFFFFF","#FFFFFF","poor","poor","8","sr","8","data-deficient"
"Skeena","Chum","CM",214,"Middle Skeena",NA,NA,NA,1.42,98.5,0.08,"#FFFFFF","#FFFF00","#FFFFFF",NA,"fair","8","percentile","8","data-deficient"
"Skeena","Chum","CM",220,"Skeena Estuary",NA,NA,NA,82.9,17.1,0,"#FFFFFF","#FFFF00","#FFFFFF",NA,"fair","8","percentile","8","data-deficient"
"Skeena","Chum","CM",242,"Upper Skeena",NA,NA,NA,NA,NA,NA,NA,NA,NA,NA,NA,"7, 8, 9",NA,"9","data-deficient"
"Skeena","Coho","CO",202,"Lower Skeena",79.5476,20.4524,0,47.84,52.16,0,"#FFFFFF","#FFFF00","#FFFFFF","poor","fair","8","sr","8","data-deficient"
"Skeena","Coho","CO",215,"Middle Skeena",0,0.2143,99.7857,0,13.02,86.98,"#FFFFFF","#FFFFFF","#009900","good","good","8","sr","8","data-deficient"
"Skeena","Coho","CO",225,"Skeena Estuary",NA,NA,NA,72.44,27.56,0,"#CC0000","#FFFFFF","#FFFFFF",NA,"poor","8","percentile","8","data-deficient"
"Skeena","Coho","CO",231,"Upper Skeena",0.0952,3.1667,96.7381,0,85.86,14.14,"#FFFFFF","#FFFF00","#FFFFFF","good","fair","8","sr","8","data-deficient"
"Skeena","Pink","PKE",218,"Middle-Upper Skeena (even)",67.2143,32.7143,0.0714,45.72,54.28,0,"#FFFFFF","#FFFF00","#FFFFFF","poor","fair","8","sr","8","data-deficient"
"Skeena","Pink","PKE",219,"Nass-Skeena Estuary (even)",0,0,100,0,0,100,"#FFFFFF","#FFFFFF","#009900","good","good","1","sr","1","good"
"Skeena","Pink","PKO",209,"Lower Skeena River (odd)",90.1905,9.8095,0,100,0,0,"#CC0000","#FFFFFF","#FFFFFF","poor","poor","8","sr","8","data-deficient"
"Skeena","Pink","PKO",213,"Middle-Upper Skeena (odd)",0.1667,55.3095,44.5238,1.88,98,0.12,"#FFFFFF","#FFFF00","#FFFFFF","fair","fair","8","sr","8","data-deficient"
"Skeena","Pink","PKO",223,"Nass-Skeena Estuary (odd)",79.0238,20.881,0.0952,13,86.94,0.06,"#FFFFFF","#FFFF00","#FFFFFF","poor","fair","8","sr","8","data-deficient"
"Skeena","Sockeye","SEL",171,"Alastair",100,0,0,95.56,4.44,0,"#CC0000","#FFFFFF","#FFFFFF","poor","poor","3","sr","3","poor"
"Skeena","Sockeye","SEL",174,"Ecstall/Lower",NA,NA,NA,NA,NA,NA,NA,NA,NA,NA,NA,"7, 8, 9",NA,"9","data-deficient"
"Skeena","Sockeye","SEL",175,"Johnston",99.9284,0.0239,0.0478,99.94,0.06,0,"#CC0000","#FFFFFF","#FFFFFF","poor","poor","3, 3","absolute","3","poor"
"Skeena","Sockeye","SEL",176,"Kitsumkalum",0,0,100,0.32,56.42,43.26,"#FFFFFF","#FFFF00","#FFFFFF","good","fair","1","sr","1","good"
"Skeena","Sockeye","SEL",177,"Lakelse",0,92.5714,7.4286,16.54,83.46,0,"#FFFFFF","#FFFF00","#FFFFFF","fair","fair","2","sr","2","fair"
"Skeena","Sockeye","SEL",178,"Mcdonell/Dennis/Aldrich",0,8.881,91.119,4.2,95.8,0,"#FFFFFF","#FFFF00","#FFFFFF","good","fair","1","sr","1","good"
"Skeena","Sockeye","SEL",180,"Babine/Onerka",100,0,0,100,0,0,"#CC0000","#FFFFFF","#FFFFFF","poor","poor","3","sr","3","poor"
"Skeena","Sockeye","SEL",181,"Bulkley/Maxan",NA,NA,NA,NA,NA,NA,NA,NA,NA,NA,NA,"7, 8, 9",NA,"9","data-deficient"
"Skeena","Sockeye","SEL",183,"Gitanyow (Kitwanga/Kitwancool)",99.8283,0,0.1717,41.76,58.24,0,"#FFFFFF","#FFFF00","#FFFFFF","poor","fair","3, 3","absolute","3","poor"
"Skeena","Sockeye","SEL",185,"Morice/Atna",100,0,0,0,12.02,87.98,"#FFFFFF","#FFFFFF","#009900","poor","good","3","sr","3","poor"
"Skeena","Sockeye","SEL",186,"Nilkitkwa",95.119,4.881,0,100,0,0,"#CC0000","#FFFFFF","#FFFFFF","poor","poor","3","sr","3","poor"
"Skeena","Sockeye","SEL",187,"Stephens",7.9762,86.7619,5.2619,5.6,94.4,0,"#FFFFFF","#FFFF00","#FFFFFF","fair","fair","2","sr","2","fair"
"Skeena","Sockeye","SEL",189,"Tahlo/Morrison",40.0714,59.9286,0,12.4,87.6,0,"#FFFFFF","#FFFF00","#FFFFFF","fair","fair","2","sr","2","fair"
"Skeena","Sockeye","SEL",190,"Asitika",0,99.4048,0.5952,0.14,99.86,0,"#FFFFFF","#FFFF00","#FFFFFF","fair","fair","2, 3","absolute","3","poor"
"Skeena","Sockeye","SEL",191,"Azuklotz",96.1878,2.9545,0.8578,0,96.08,3.92,"#FFFFFF","#FFFF00","#FFFFFF","poor","fair","3","sr","3","poor"
"Skeena","Sockeye","SEL",192,"Bear",100,0,0,0,86.7,13.3,"#FFFFFF","#FFFF00","#FFFFFF","poor","fair","3","sr","3","poor"
"Skeena","Sockeye","SEL",193,"Damshilgwit",0,100,0,0,100,0,"#FFFFFF","#FFFF00","#FFFFFF","fair","fair","2, 3","absolute","3","poor"
"Skeena","Sockeye","SEL",194,"Johanson",NA,NA,NA,0,95.38,4.62,"#FFFFFF","#FFFF00","#FFFFFF",NA,"fair","2, 3","absolute","3","poor"
"Skeena","Sockeye","SEL",195,"Kluatantan",NA,NA,NA,NA,NA,NA,NA,NA,NA,NA,NA,"7, 8, 9",NA,"9","data-deficient"
"Skeena","Sockeye","SEL",196,"Kluayaz",NA,NA,NA,NA,NA,NA,NA,NA,NA,NA,NA,"7, 8, 9",NA,"9","data-deficient"
"Skeena","Sockeye","SEL",197,"Motase",99.9761,0,0.0239,53.94,46.06,0,"#FFFFFF","#FFFF00","#FFFFFF","poor","fair","3, 3","absolute","3","poor"
"Skeena","Sockeye","SEL",198,"Sicintine",NA,NA,NA,NA,NA,NA,NA,NA,NA,NA,NA,"7, 8, 9",NA,"9","data-deficient"
"Skeena","Sockeye","SEL",199,"Slamgeesh",NA,NA,NA,NA,NA,NA,NA,NA,NA,NA,NA,"8, 9",NA,"9","data-deficient"
"Skeena","Sockeye","SEL",200,"Spawning",NA,NA,NA,NA,NA,NA,NA,NA,NA,NA,NA,"7, 8, 9",NA,"9","data-deficient"
"Skeena","Sockeye","SEL",201,"Sustut",0,99.8333,0.1667,0,53.2,46.8,"#FFFFFF","#FFFF00","#FFFFFF","fair","fair","2, 3","absolute","3","poor"
"Skeena","Sockeye","SEL",203,"Babine (enhanced)",1.0714,59.4524,39.4762,0,99.36,0.64,"#FFFFFF","#FFFF00","#FFFFFF","fair","fair","2","sr","2","fair"
"Skeena","Sockeye","SEL",230,"Footsore/Hodder",NA,NA,NA,NA,NA,NA,NA,NA,NA,NA,NA,"7, 8, 9",NA,"9","data-deficient"
"Skeena","Sockeye","SEL",291,"Prudhomme",75.5238,24.4762,0,100,0,0,"#CC0000","#FFFFFF","#FFFFFF","poor","poor","3, 3","absolute","3","poor"
"Skeena","Sockeye","SEL",292,"Shawatlan",0,91.5,8.5,65.84,34.16,0,"#CC0000","#FFFFFF","#FFFFFF","fair","poor","8","sr","8","data-deficient"
"Skeena","Sockeye","SER",216,"Skeena River-High Interior (river-type)",NA,NA,NA,0,3.08,96.92,"#FFFFFF","#FFFFFF","#009900",NA,"good","7",NA,"7","data-deficient"
"Skeena","Sockeye","SER",226,"Skeena River (river-type)",NA,NA,NA,NA,NA,NA,NA,NA,NA,NA,NA,"7, 8, 9",NA,"9","data-deficient"
"Skeena","Steelhead","SH",280,"Upper Skeena Headwaters",NA,NA,NA,NA,NA,NA,NA,NA,NA,NA,NA,"7, 8, 9",NA,"9","data-deficient"
"Skeena","Steelhead","SH",281,"Upper Sustut",NA,NA,NA,97.78,2.22,0,"#CC0000","#FFFFFF","#FFFFFF",NA,"poor","3, 3","absolute","3","poor"
"Skeena","Steelhead","SH",282,"Upper Skeena",NA,NA,NA,NA,NA,NA,NA,NA,NA,NA,NA,"7, 8, 9",NA,"9","data-deficient"
"Skeena","Steelhead","SH",283,"Kispiox",NA,NA,NA,NA,NA,NA,NA,NA,NA,NA,NA,"7, 8, 9",NA,"9","data-deficient"
"Skeena","Steelhead","SH",284,"Babine",NA,NA,NA,NA,NA,NA,NA,NA,NA,NA,NA,"7, 8, 9",NA,"9","data-deficient"
"Skeena","Steelhead","SH",285,"Middle Skeena",NA,NA,NA,NA,NA,NA,NA,NA,NA,NA,NA,"7, 8, 9",NA,"9","data-deficient"
"Skeena","Steelhead","SH",286,"Suskwa",NA,NA,NA,NA,NA,NA,NA,NA,NA,NA,NA,"7, 8, 9",NA,"9","data-deficient"
"Skeena","Steelhead","SH",287,"Bulkley",NA,NA,NA,0,62.96,37.04,"#FFFFFF","#FFFF00","#FFFFFF",NA,"fair","7, 8",NA,"8","data-deficient"
"Skeena","Steelhead","SH",288,"Skeena Coastal Summers",NA,NA,NA,NA,NA,NA,NA,NA,NA,NA,NA,"7, 8, 9",NA,"9","data-deficient"
"Skeena","Steelhead","SH",289,"Morice",NA,NA,NA,0,63.46,36.54,"#FFFFFF","#FFFF00","#FFFFFF",NA,"fair","7, 8",NA,"8","data-deficient"
"Skeena","Steelhead","SH",290,"Skeena Coastal Winters",NA,NA,NA,NA,NA,NA,NA,NA,NA,NA,NA,"7, 8, 9",NA,"9","data-deficient"
"West Vancouver Island","Chinook","CK",328,"West Vancouver Island-South (Fall x-1)",NA,NA,NA,0,99.5,0.5,"#FFFFFF","#FFFF00","#FFFFFF",NA,"fair","6, 8",NA,"8","data-deficient"
"West Vancouver Island","Chinook","CK",329,"West Vancouver Island-Nootka and Kyuquot (Fall x-1)",NA,NA,NA,0,84.1,15.9,"#FFFFFF","#FFFF00","#FFFFFF",NA,"fair","6, 8",NA,"8","data-deficient"
"West Vancouver Island","Chinook","CK",330,"West Vancouver Island-North (Fall x-1)",NA,NA,NA,21.68,78.32,0,"#FFFFFF","#FFFF00","#FFFFFF",NA,"fair","6, 8",NA,"8","data-deficient"
"West Vancouver Island","Chum","CM",977,"Northwest Vancouver Island",0,0,100,0,41.24,58.76,"#FFFFFF","#FFFFFF","#009900","good","good","8","sr","8","data-deficient"
"West Vancouver Island","Chum","CM",978,"Southwest & West Vancouver Island",0,5.9048,94.0952,88.82,11.18,0,"#CC0000","#FFFFFF","#FFFFFF","good","poor","8","sr","8","data-deficient"
"West Vancouver Island","Coho","CO",913,"Juan de Fuca-Pachena",NA,NA,NA,NA,NA,NA,NA,NA,NA,NA,NA,"7, 8, 9",NA,"9","data-deficient"
"West Vancouver Island","Coho","CO",914,"West Vancouver Island",NA,NA,NA,NA,NA,NA,NA,NA,NA,NA,NA,"7, 8, 9",NA,"9","data-deficient"
"West Vancouver Island","Coho","CO",915,"Clayoquot",NA,NA,NA,NA,NA,NA,NA,NA,NA,NA,NA,"7, 8, 9",NA,"9","data-deficient"
"West Vancouver Island","Pink","PKE",918,"West Vancouver Island (even)",NA,NA,NA,NA,NA,NA,NA,NA,NA,NA,NA,"7, 8, 9",NA,"9","data-deficient"
"West Vancouver Island","Pink","PKE",919,"Northwest Vancouver Island (even)",NA,NA,NA,NA,NA,NA,NA,NA,NA,NA,NA,"7, 8, 9",NA,"9","data-deficient"
"West Vancouver Island","Pink","PKO",925,"West Vancouver Island (odd)",NA,NA,NA,NA,NA,NA,NA,NA,NA,NA,NA,"7, 8, 9",NA,"9","data-deficient"
"West Vancouver Island","Sockeye","SEL",945,"Alice",NA,NA,NA,NA,NA,NA,NA,NA,NA,NA,NA,"7, 8, 9",NA,"9","data-deficient"
"West Vancouver Island","Sockeye","SEL",946,"Canoe Creek",NA,NA,NA,NA,NA,NA,NA,NA,NA,NA,NA,"7, 8, 9",NA,"9","data-deficient"
"West Vancouver Island","Sockeye","SEL",947,"Cecilia",NA,NA,NA,NA,NA,NA,NA,NA,NA,NA,NA,"7, 8, 9",NA,"9","data-deficient"
"West Vancouver Island","Sockeye","SEL",948,"Cheewat",NA,NA,NA,NA,NA,NA,NA,NA,NA,NA,NA,"7, 8, 9",NA,"9","data-deficient"
"West Vancouver Island","Sockeye","SEL",949,"Clayoquot",NA,NA,NA,NA,NA,NA,NA,NA,NA,NA,NA,"7, 8, 9",NA,"9","data-deficient"
"West Vancouver Island","Sockeye","SEL",950,"Deserted",NA,NA,NA,NA,NA,NA,NA,NA,NA,NA,NA,"7, 8, 9",NA,"9","data-deficient"
"West Vancouver Island","Sockeye","SEL",951,"Fairy",NA,NA,NA,NA,NA,NA,NA,NA,NA,NA,NA,"7, 8, 9",NA,"9","data-deficient"
"West Vancouver Island","Sockeye","SEL",952,"Great Central",8.121,89.4261,2.453,98.34,1.66,0,"#CC0000","#FFFFFF","#FFFFFF","fair","poor","2","sr","2","fair"
"West Vancouver Island","Sockeye","SEL",953,"Henderson",NA,NA,NA,NA,NA,NA,NA,NA,NA,NA,NA,"7, 8, 9",NA,"9","data-deficient"
"West Vancouver Island","Sockeye","SEL",954,"Hesquiat",NA,NA,NA,NA,NA,NA,NA,NA,NA,NA,NA,"7, 8, 9",NA,"9","data-deficient"
"West Vancouver Island","Sockeye","SEL",955,"Hobiton",NA,NA,NA,NA,NA,NA,NA,NA,NA,NA,NA,"7, 8, 9",NA,"9","data-deficient"
"West Vancouver Island","Sockeye","SEL",956,"Jansen",NA,NA,NA,NA,NA,NA,NA,NA,NA,NA,NA,"7, 8, 9",NA,"9","data-deficient"
"West Vancouver Island","Sockeye","SEL",957,"Kanim",NA,NA,NA,NA,NA,NA,NA,NA,NA,NA,NA,"7, 8, 9",NA,"9","data-deficient"
"West Vancouver Island","Sockeye","SEL",958,"Kennedy",NA,NA,NA,NA,NA,NA,NA,NA,NA,NA,NA,"7, 8, 9",NA,"9","data-deficient"
"West Vancouver Island","Sockeye","SEL",959,"Maggie",NA,NA,NA,NA,NA,NA,NA,NA,NA,NA,NA,"7, 8, 9",NA,"9","data-deficient"
"West Vancouver Island","Sockeye","SEL",960,"Megin",NA,NA,NA,NA,NA,NA,NA,NA,NA,NA,NA,"7, 8, 9",NA,"9","data-deficient"
"West Vancouver Island","Sockeye","SEL",961,"Muchalat",NA,NA,NA,NA,NA,NA,NA,NA,NA,NA,NA,"7, 8, 9",NA,"9","data-deficient"
"West Vancouver Island","Sockeye","SEL",962,"Muriel",NA,NA,NA,NA,NA,NA,NA,NA,NA,NA,NA,"7, 8, 9",NA,"9","data-deficient"
"West Vancouver Island","Sockeye","SEL",963,"Nitinat",NA,NA,NA,NA,NA,NA,NA,NA,NA,NA,NA,"7, 8, 9",NA,"9","data-deficient"
"West Vancouver Island","Sockeye","SEL",964,"O'Connell",NA,NA,NA,NA,NA,NA,NA,NA,NA,NA,NA,"7, 8, 9",NA,"9","data-deficient"
"West Vancouver Island","Sockeye","SEL",966,"Park River",NA,NA,NA,NA,NA,NA,NA,NA,NA,NA,NA,"7, 8, 9",NA,"9","data-deficient"
"West Vancouver Island","Sockeye","SEL",967,"Power",NA,NA,NA,NA,NA,NA,NA,NA,NA,NA,NA,"7, 8, 9",NA,"9","data-deficient"
"West Vancouver Island","Sockeye","SEL",969,"Sproat",0.1429,10.0952,89.7619,0.06,99.3,0.64,"#FFFFFF","#FFFF00","#FFFFFF","good","fair","1","sr","1","good"
"West Vancouver Island","Sockeye","SEL",970,"William-Brink",NA,NA,NA,NA,NA,NA,NA,NA,NA,NA,NA,"7, 8, 9",NA,"9","data-deficient"
"West Vancouver Island","Sockeye","SER",972,"West Vancouver Island (river-type)",NA,NA,NA,NA,NA,NA,NA,NA,NA,NA,NA,"7, 8, 9",NA,"9","data-deficient"
"West Vancouver Island","Sockeye","SER",974,"NW Vancouver Island (river-type)",NA,NA,NA,NA,NA,NA,NA,NA,NA,NA,NA,"7, 8, 9",NA,"9","data-deficient"
"West Vancouver Island","Steelhead","SH",982,"West Vancouver Island Winter",NA,NA,NA,NA,NA,NA,NA,NA,NA,NA,NA,"7, 8, 9",NA,"9","data-deficient"
"West Vancouver Island","Steelhead","SH",984,"West Vancouver Island Summer",NA,NA,NA,99.96,0.04,0,"#CC0000","#FFFFFF","#FFFFFF",NA,"poor","3, 3","absolute","3","poor"
"Yukon","Chinook","CK",1201,"Big Salmon",3.4524,96.5476,0,99.92,0.08,0,"#CC0000","#FFFFFF","#FFFFFF","fair","poor","2","sr","2","fair"
"Yukon","Chinook","CK",1202,"Nordenskiold",0,2.6905,97.3095,6.02,93.18,0.8,"#FFFFFF","#FFFF00","#FFFFFF","good","fair","1, 3","absolute","3","poor"
"Yukon","Chinook","CK",1203,"Pelly",17.6905,82.3095,0,100,0,0,"#CC0000","#FFFFFF","#FFFFFF","fair","poor","2","sr","2","fair"
"Yukon","Chinook","CK",1204,"Middle Yukon",0.4762,98.2143,1.3095,93.1,6.9,0,"#CC0000","#FFFFFF","#FFFFFF","fair","poor","2","sr","2","fair"
"Yukon","Chinook","CK",1205,"Stewart",1.5714,98.4286,0,98.98,1.02,0,"#CC0000","#FFFFFF","#FFFFFF","fair","poor","2, 3","absolute","3","poor"
"Yukon","Chinook","CK",1206,"White",12.6667,87.3333,0,98.04,1.96,0,"#CC0000","#FFFFFF","#FFFFFF","fair","poor","2","sr","2","fair"
"Yukon","Chinook","CK",1207,"Northern Yukon",9.0476,90.9524,0,97.92,2.08,0,"#CC0000","#FFFFFF","#FFFFFF","fair","poor","2","sr","2","fair"
"Yukon","Chinook","CK",1209,"Porcupine",NA,NA,NA,74.3,25.08,0.62,"#FFFFFF","#FFFF00","#FFFFFF",NA,"fair","3, 7","absolute","3","poor"
"Yukon","Chinook","CK",1210,"Old Crow",NA,NA,NA,73.92,25.04,1.04,"#FFFFFF","#FFFF00","#FFFFFF",NA,"fair","3, 7","absolute","3","poor"
"Yukon","Chinook","CK",1211,"Upper Yukon",NA,NA,NA,0.1,99.1,0.8,"#FFFFFF","#FFFF00","#FFFFFF",NA,"fair","3, 7","absolute","3","poor"
"Yukon","Chinook","CK",1212,"Teslin",NA,NA,NA,100,0,0,"#CC0000","#FFFFFF","#FFFFFF",NA,"poor","3, 3","absolute","3","poor"
"Yukon","Chum","CM",1213,"Middle Yukon",NA,NA,NA,98.58,1.42,0,"#CC0000","#FFFFFF","#FFFFFF",NA,"poor","3","percentile","3","poor"
"Yukon","Chum","CM",1214,"North Yukon",NA,NA,NA,89.6,10.4,0,"#CC0000","#FFFFFF","#FFFFFF",NA,"poor","3, 3","absolute","3","poor"
"Yukon","Chum","CM",1215,"White",NA,NA,NA,96.46,3.54,0,"#CC0000","#FFFFFF","#FFFFFF",NA,"poor","3","percentile","3","poor"
"Yukon","Chum","CM",1216,"Donjek Kluane",NA,NA,NA,NA,NA,NA,NA,NA,NA,NA,NA,"7, 8, 9",NA,"9","data-deficient"
"Yukon","Chum","CM",1217,"Porcupine",NA,NA,NA,NA,NA,NA,NA,NA,NA,NA,NA,"7, 8, 9",NA,"9","data-deficient"
"Yukon","Chum","CM",1219,"Teslin",NA,NA,NA,6.78,93.22,0,"#FFFFFF","#FFFF00","#FFFFFF",NA,"fair","2, 3","absolute","3","poor"
"Yukon","Coho","CO",1220,"Porcupine",NA,NA,NA,NA,NA,NA,NA,NA,NA,NA,NA,"7, 8, 9",NA,"9","data-deficient"
"Haida Gwaii","Sockeye","SEL",828,"Marie",NA,NA,NA,NA,NA,NA,NA,NA,NA,NA,NA,"8, 9",NA,"9","data-deficient"
"Yukon","Chinook","CK",1208,"Salmon Fork",NA,NA,NA,NA,NA,NA,NA,NA,NA,NA,NA,"8, 9",NA,"9","data-deficient"
"Yukon","Chum","CM",1218,"Stewart",NA,NA,NA,NA,NA,NA,NA,NA,NA,NA,NA,"8, 9",NA,"9","data-deficient"
"Northern Transboundary","Sockeye","SEL",1024,"Border",NA,NA,NA,NA,NA,NA,NA,NA,NA,NA,NA,"8, 9",NA,"9","data-deficient"
"Northern Transboundary","Sockeye","SEL",1031,"Blanchard",NA,NA,NA,NA,NA,NA,NA,NA,NA,NA,NA,"8, 9",NA,"9","data-deficient"
"Northern Transboundary","Sockeye","SEL",1037,"Whiting",NA,NA,NA,NA,NA,NA,NA,NA,NA,NA,NA,"8, 9",NA,"9","data-deficient"
"Northern Transboundary","Sockeye","SER",1022,"Chilkat (river-type)",NA,NA,NA,NA,NA,NA,NA,NA,NA,NA,NA,"8, 9",NA,"9","data-deficient"
"Northern Transboundary","Chinook","CK",1009,"Whiting",NA,NA,NA,NA,NA,NA,NA,NA,NA,NA,NA,"8, 9",NA,"9","data-deficient"
"Northern Transboundary","Chinook","CK",1012,"Unuk",NA,NA,NA,NA,NA,NA,NA,NA,NA,NA,NA,"8, 9",NA,"9","data-deficient"
"Northern Transboundary","Coho","CO",1014,"Lynn Canal",NA,NA,NA,NA,NA,NA,NA,NA,NA,NA,NA,"8, 9",NA,"9","data-deficient"
"Northern Transboundary","Coho","CO",1016,"Whiting",NA,NA,NA,NA,NA,NA,NA,NA,NA,NA,NA,"8, 9",NA,"9","data-deficient"
"Northern Transboundary","Coho","CO",1018,"Unuk",NA,NA,NA,NA,NA,NA,NA,NA,NA,NA,NA,"8, 9",NA,"9","data-deficient"
"Northern Transboundary","Chum","CM",1000,"Lynn Canal",NA,NA,NA,NA,NA,NA,NA,NA,NA,NA,NA,"8, 9",NA,"9","data-deficient"
"Northern Transboundary","Chum","CM",1002,"Whiting",NA,NA,NA,NA,NA,NA,NA,NA,NA,NA,NA,"8, 9",NA,"9","data-deficient"
"Northern Transboundary","Chum","CM",1003,"Unuk",NA,NA,NA,NA,NA,NA,NA,NA,NA,NA,NA,"8, 9",NA,"9","data-deficient"
"Northern Transboundary","Chum","CM",1032,"Lower Stikine",NA,NA,NA,NA,NA,NA,NA,NA,NA,NA,NA,"8, 9",NA,"9","data-deficient"
